Invoice ID,Date,Time,Branch,Product ID,Quantity,Total,Tax 5%,Payment
101-17-6199,2019-03-13,19:44,A,FB26,7,336.5565,16.0265,Credit card
101-81-4070,2019-01-17,12:36,C,HB131,2,131.922,6.282,Ewallet
102-06-2002,2019-03-20,17:52,C,ST137,5,132.5625,6.3125,Cash
102-77-2261,2019-03-05,18:02,C,HB113,7,480.0285,22.8585,Credit card
105-10-6182,2019-02-27,12:22,A,FA125,2,45.108,2.148,Ewallet
105-31-1824,2019-02-01,15:10,A,ST35,7,510.972,24.332,Credit card
106-35-6779,2019-03-27,11:26,A,HL10,2,93.114,4.434,Cash
109-28-2512,2019-01-07,15:01,B,FA8,6,614.943,29.283,Ewallet
109-86-4363,2019-02-14,11:36,B,ST145,7,441.588,21.028,Credit card
110-05-6330,2019-03-25,20:18,C,FB69,6,248.409,11.829,Credit card
110-48-7033,2019-01-29,14:12,B,FA42,4,137.004,6.524,Cash
114-35-5271,2019-02-07,15:06,B,EA148,8,486.444,23.164,Cash
115-38-7388,2019-03-30,12:51,C,FA159,8,85.512,4.072,Credit card
115-99-4379,2019-03-14,19:02,B,FA56,7,402.2655,19.1555,Credit card
118-62-1812,2019-03-24,17:56,C,HL55,4,329.196,15.676,Cash
120-06-4233,2019-03-12,20:36,C,EA12,6,192.843,9.183,Cash
120-54-2248,2019-01-22,18:08,B,FB140,5,151.515,7.215,Credit card
122-61-9553,2019-03-14,19:33,C,EA65,9,484.974,23.094,Cash
123-19-1176,2019-01-27,20:33,A,HB2,8,489.048,23.288,Ewallet
123-35-4896,2019-02-17,19:11,C,ST107,9,440.937,20.997,Ewallet
124-31-1458,2019-01-08,14:30,A,EA142,3,250.7085,11.9385,Cash
125-45-2293,2019-01-19,13:11,A,FA153,6,624.33,29.73,Cash
126-54-1082,2019-01-07,11:44,A,HL48,9,203.553,9.693,Credit card
127-47-6963,2019-03-09,13:53,A,HB87,4,217.182,10.342,Credit card
129-29-8530,2019-03-10,19:15,A,ST8,5,328.755,15.655,Ewallet
130-67-4723,2019-01-11,13:57,A,FB122,6,305.55,14.55,Ewallet
130-98-8941,2019-02-09,10:00,C,FA29,7,472.311,22.491,Cash
131-15-8856,2019-03-30,19:26,C,FB117,8,609.168,29.008,Credit card
131-70-8179,2019-02-17,16:27,A,HB142,3,290.0835,13.8135,Cash
132-23-6451,2019-01-04,13:21,A,HB66,5,110.0925,5.2425,Cash
132-32-9879,2019-03-09,18:00,B,EA9,4,394.632,18.792,Cash
133-14-7229,2019-01-01,11:43,C,HB80,2,132.027,6.287,Cash
133-77-3154,2019-02-16,18:04,B,FA117,4,252.756,12.036,Credit card
134-54-4720,2019-01-30,13:58,B,EA96,8,356.328,16.968,Ewallet
134-75-2619,2019-03-25,18:51,A,EA94,7,142.002,6.762,Cash
135-13-8269,2019-01-26,16:04,B,FB112,2,165.648,7.888,Cash
135-84-8019,2019-02-27,16:10,A,FA54,9,736.4385,35.0685,Ewallet
136-08-6195,2019-02-15,17:01,A,HL51,8,587.664,27.984,Credit card
137-63-5492,2019-01-29,14:26,C,EA117,10,616.98,29.38,Ewallet
137-74-8729,2019-03-13,12:47,C,FA160,8,102.396,4.876,Ewallet
138-17-5109,2019-01-15,15:42,A,HL76,9,843.0345,40.1445,Credit card
139-20-0155,2019-01-24,17:37,B,EA45,10,423.15,20.15,Credit card
139-32-4183,2019-03-14,14:19,A,ST164,9,921.186,43.866,Ewallet
139-52-2867,2019-02-13,10:50,C,FA28,7,165.4485,7.8785,Credit card
142-63-6033,2019-03-20,19:17,B,HL36,5,484.89,23.09,Ewallet
142-72-4741,2019-02-28,18:37,C,FA39,2,195.72,9.32,Credit card
144-51-6085,2019-01-05,16:05,A,HL46,4,297.108,14.148,Credit card
145-94-9061,2019-01-25,19:48,B,FB4,5,463.89,22.09,Cash
146-09-5432,2019-02-09,19:17,A,FB154,9,331.128,15.768,Ewallet
148-41-7930,2019-01-23,10:33,C,HB148,7,734.706,34.986,Cash
148-82-2527,2019-03-05,13:44,C,HL81,10,127.26,6.06,Credit card
149-14-0304,2019-02-06,14:24,C,HB106,8,239.4,11.4,Cash
149-15-7606,2019-03-06,15:31,B,ST115,9,352.674,16.794,Ewallet
149-61-1929,2019-01-19,14:08,A,ST113,10,673.995,32.095,Credit card
149-71-6266,2019-01-28,12:43,B,ST5,9,737.7615,35.1315,Cash
150-89-8043,2019-02-14,15:04,A,ST57,3,140.6475,6.6975,Cash
151-16-1484,2019-02-13,12:38,A,EA42,4,135.45,6.45,Ewallet
151-27-8496,2019-01-19,11:43,C,EA152,4,235.746,11.226,Ewallet
151-33-7434,2019-02-04,20:43,B,FB171,1,71.1585,3.3885,Credit card
152-03-4217,2019-03-17,11:55,B,HL134,9,106.596,5.076,Credit card
152-08-9985,2019-03-12,12:09,B,HB20,9,608.202,28.962,Credit card
152-68-2907,2019-02-15,13:30,A,FB103,3,164.43,7.83,Credit card
153-58-4872,2019-03-01,15:32,C,FB64,4,314.538,14.978,Ewallet
154-74-7179,2019-02-26,19:24,B,ST46,1,57.1725,2.7225,Ewallet
154-87-7367,2019-03-15,14:04,C,HL137,8,548.184,26.104,Ewallet
155-45-3814,2019-03-19,15:29,C,EA103,8,743.82,35.42,Ewallet
156-20-0370,2019-03-10,18:10,B,EA164,1,26.7225,1.2725,Credit card
156-95-3964,2019-03-25,15:19,A,FB136,4,232.638,11.078,Ewallet
157-13-5295,2019-03-09,18:24,A,HB42,10,545.37,25.97,Ewallet
160-22-2687,2019-01-23,14:21,A,HB128,5,503.7375,23.9875,Ewallet
162-48-8011,2019-02-10,15:10,A,FB9,5,234.0975,11.1475,Cash
162-65-8559,2019-01-21,20:13,C,FB127,1,72.429,3.449,Cash
163-56-7055,2019-03-26,19:20,C,FA13,1,51.1455,2.4355,Cash
166-19-2553,2019-01-18,17:26,A,ST155,6,561.078,26.718,Cash
169-52-4504,2019-03-14,14:13,A,EA108,3,49.4235,2.3535,Credit card
172-42-8274,2019-03-02,18:18,B,EA161,2,80.367,3.827,Credit card
173-50-1108,2019-02-13,12:14,B,ST95,4,84.756,4.036,Credit card
173-57-2300,2019-03-13,12:51,C,ST125,2,153.048,7.288,Cash
173-82-9529,2019-01-26,14:51,B,FA65,10,398.475,18.975,Cash
174-36-3675,2019-02-14,17:29,C,FB49,2,208.677,9.937,Cash
174-64-0215,2019-03-05,17:49,B,ST130,10,732.27,34.87,Credit card
174-75-0888,2019-03-14,12:32,B,EA95,9,203.931,9.711,Cash
175-54-2529,2019-03-03,17:01,A,FB31,8,186.228,8.868,Credit card
176-64-7711,2019-03-27,19:11,B,FB126,3,101.808,4.848,Credit card
176-78-1170,2019-01-26,15:11,C,HB130,3,106.5015,5.0715,Ewallet
181-82-6255,2019-02-08,10:58,B,HL143,6,103.131,4.911,Cash
181-94-6432,2019-02-05,19:05,C,FA50,2,145.593,6.933,Ewallet
182-52-7000,2019-01-01,20:26,A,ST127,4,113.568,5.408,Ewallet
182-69-8360,2019-01-30,13:32,B,EA68,4,99.33,4.73,Credit card
182-88-2763,2019-03-20,19:28,B,FB114,3,251.7165,11.9865,Credit card
183-21-3799,2019-02-19,15:14,C,EA114,9,733.6035,34.9335,Ewallet
183-56-6882,2019-02-06,10:42,C,FB5,4,417.564,19.884,Ewallet
186-09-3669,2019-01-22,10:57,C,HB68,1,85.5855,4.0755,Ewallet
186-43-8965,2019-02-24,10:10,A,HL130,2,100.128,4.768,Credit card
186-71-5196,2019-03-27,16:30,A,FB156,2,167.034,7.954,Ewallet
186-79-9562,2019-03-29,14:06,B,HB103,7,527.5095,25.1195,Cash
187-83-5490,2019-01-31,13:47,A,EA78,4,87.234,4.154,Cash
188-55-0967,2019-01-15,15:01,B,HB92,10,697.935,33.235,Credit card
189-08-9157,2019-01-08,16:17,C,FA21,9,299.8485,14.2785,Credit card
189-17-4241,2019-03-10,12:17,A,FA3,2,184.107,8.767,Credit card
189-40-5216,2019-01-09,11:40,C,EA165,7,708.3195,33.7295,Cash
189-52-0236,2019-03-14,12:07,A,EA88,7,731.6925,34.8425,Cash
189-55-2313,2019-01-31,10:33,C,FA146,10,652.89,31.09,Ewallet
189-98-2939,2019-03-01,13:22,C,FA14,9,742.2975,35.3475,Cash
190-14-3147,2019-02-23,20:43,B,HB96,4,75.474,3.594,Ewallet
190-59-3964,2019-02-03,14:35,B,FB143,5,247.59,11.79,Credit card
191-10-6171,2019-01-25,13:18,B,FA22,7,291.207,13.867,Cash
191-29-0321,2019-02-27,18:57,B,FA128,10,207.585,9.885,Credit card
192-98-7397,2019-01-08,14:11,C,FA77,1,13.419,0.639,Ewallet
195-06-0432,2019-01-13,12:55,A,HL154,3,255.1815,12.1515,Credit card
196-01-2849,2019-02-10,13:56,C,FA126,7,539.343,25.683,Cash
197-77-7132,2019-01-12,18:22,B,EA118,8,769.104,36.624,Ewallet
198-66-9832,2019-02-04,19:38,B,FA97,2,151.284,7.204,Cash
198-84-7132,2019-01-02,13:40,B,FA73,9,383.7645,18.2745,Cash
199-75-8169,2019-03-06,12:27,A,ST12,10,166.005,7.905,Credit card
200-16-5952,2019-01-17,16:46,C,FB139,2,137.865,6.565,Cash
200-40-6154,2019-02-09,11:45,B,HL151,6,415.233,19.773,Cash
201-63-8275,2019-02-17,16:50,C,ST135,7,499.7265,23.7965,Ewallet
201-86-2184,2019-02-02,19:40,B,EA67,7,193.011,9.191,Cash
207-73-1363,2019-03-01,12:15,B,HB85,2,145.971,6.951,Ewallet
209-61-0206,2019-01-05,17:29,A,HL84,5,225.2775,10.7275,Ewallet
210-30-7976,2019-03-14,11:16,B,FA136,4,93.744,4.464,Ewallet
210-57-1719,2019-02-05,12:34,B,HB83,9,550.368,26.208,Cash
210-67-5886,2019-02-05,10:41,C,HB24,3,309.3615,14.7315,Credit card
210-74-9613,2019-03-16,15:33,C,FA135,4,408.492,19.452,Ewallet
211-05-0490,2019-03-03,13:42,C,EA48,5,272.58,12.98,Cash
211-30-9270,2019-01-28,15:16,C,HB43,5,91.4025,4.3525,Credit card
212-62-1842,2019-03-28,16:44,A,FB18,6,367.038,17.478,Cash
213-32-1216,2019-01-23,10:28,A,EA92,6,416.178,19.818,Cash
213-72-6612,2019-03-20,15:56,A,FB40,2,90.825,4.325,Cash
214-17-6927,2019-02-07,18:23,C,FB23,6,103.824,4.944,Ewallet
214-30-2776,2019-03-11,19:44,B,EA162,5,181.0725,8.6225,Credit card
217-58-1179,2019-01-05,11:25,A,HL39,4,263.13,12.53,Cash
218-59-9410,2019-03-29,16:54,A,HL95,3,228.123,10.863,Ewallet
219-22-9386,2019-03-09,17:26,B,ST22,9,944.622,44.982,Credit card
219-61-4139,2019-01-23,17:16,C,EA98,1,87.234,4.154,Ewallet
220-28-1851,2019-03-01,18:14,A,HL86,2,72.933,3.473,Ewallet
220-68-6701,2019-03-17,16:36,A,HL129,4,325.374,15.494,Cash
221-25-5073,2019-03-04,10:39,A,FB169,4,313.572,14.932,Cash
222-42-0244,2019-01-28,13:53,B,HB124,9,681.4395,32.4495,Credit card
225-32-0908,2019-01-26,19:54,C,ST17,10,471.03,22.43,Ewallet
225-98-1496,2019-03-02,13:01,C,FA17,3,85.113,4.053,Credit card
226-31-3081,2019-03-08,10:29,C,EA1,5,80.22,3.82,Cash
226-34-0034,2019-01-10,11:10,B,EA154,4,57.876,2.756,Ewallet
226-71-3580,2019-01-31,12:02,C,ST51,9,224.4375,10.6875,Cash
227-03-5010,2019-03-22,19:20,A,HL5,8,441.756,21.036,Credit card
227-07-4446,2019-02-10,20:51,C,EA54,10,820.365,39.065,Cash
227-50-3718,2019-03-04,12:23,A,HB88,5,76.755,3.655,Cash
227-78-1148,2019-02-15,12:44,B,FA16,7,535.374,25.494,Cash
228-96-1411,2019-03-04,20:39,C,FB6,8,829.08,39.48,Cash
232-11-3025,2019-01-24,10:04,A,ST13,10,827.085,39.385,Cash
232-16-2483,2019-01-07,12:28,C,ST7,1,71.526,3.406,Ewallet
233-34-0817,2019-02-15,11:21,C,EA81,1,103.782,4.942,Cash
233-67-5758,2019-01-29,13:46,C,HB152,1,42.3675,2.0175,Ewallet
234-03-4040,2019-03-03,12:25,B,FB81,10,767.025,36.525,Credit card
234-36-2483,2019-02-15,13:51,B,HB129,6,362.817,17.277,Cash
234-65-2137,2019-01-16,13:32,C,HL25,10,1003.59,47.79,Cash
235-06-8510,2019-01-24,20:59,C,HL147,3,270.018,12.858,Ewallet
235-46-8343,2019-02-14,11:26,C,FB76,10,290.43,13.83,Credit card
236-27-1144,2019-03-26,10:31,C,FB90,9,154.1295,7.3395,Ewallet
236-86-3015,2019-02-04,13:38,C,HL70,1,14.679,0.699,Ewallet
237-01-6122,2019-02-01,20:31,C,HL17,9,763.4655,36.3555,Credit card
237-44-6163,2019-01-24,17:43,A,EA136,8,88.704,4.224,Cash
238-45-6950,2019-03-01,20:03,B,FB131,1,56.406,2.686,Ewallet
238-49-0436,2019-03-27,13:48,A,HB30,8,272.664,12.984,Credit card
239-10-7476,2019-01-21,16:37,A,HL22,6,491.085,23.385,Ewallet
239-36-3640,2019-01-31,13:44,B,EA33,6,285.705,13.605,Ewallet
239-48-4278,2019-03-10,19:35,A,FB97,7,74.4555,3.5455,Ewallet
241-11-2261,2019-01-10,10:33,B,FA100,7,586.971,27.951,Credit card
241-72-9525,2019-02-16,12:21,B,ST27,10,545.055,25.955,Cash
241-96-5076,2019-01-08,12:58,B,HL105,2,103.11,4.91,Credit card
242-11-3142,2019-02-24,19:57,B,FA123,2,175.917,8.377,Cash
242-55-6721,2019-03-07,11:49,B,HL9,2,33.936,1.616,Ewallet
243-47-2663,2019-01-28,16:43,C,EA91,6,118.251,5.631,Credit card
243-55-8457,2019-02-27,11:40,A,FB159,10,781.62,37.22,Ewallet
244-08-0162,2019-01-02,13:00,B,HB65,10,359.205,17.105,Cash
246-11-3901,2019-02-15,12:12,C,EA85,10,344.4,16.4,Cash
246-55-6923,2019-03-10,15:06,C,HL142,9,338.2155,16.1055,Credit card
247-11-2470,2019-03-01,16:23,A,FA136,4,93.744,4.464,Credit card
249-42-3782,2019-01-03,11:36,A,HB33,5,367.5525,17.5025,Ewallet
250-17-5703,2019-02-27,18:24,A,FB135,10,197.925,9.425,Ewallet
250-81-7186,2019-02-27,10:23,C,EA109,1,104.6745,4.9845,Credit card
252-56-2699,2019-02-07,16:48,A,FB2,10,453.495,21.595,Ewallet
253-12-6086,2019-03-12,12:43,A,ST47,7,723.24,34.44,Credit card
254-31-0042,2019-03-06,12:46,A,EA66,9,203.175,9.675,Credit card
256-08-8343,2019-03-04,19:48,A,HL71,4,237.426,11.306,Ewallet
256-58-3609,2019-03-18,15:29,C,FA168,1,96.579,4.599,Cash
257-60-7754,2019-01-08,17:12,A,EA130,4,210.966,10.046,Cash
257-73-1380,2019-01-20,16:51,C,ST70,4,348.306,16.586,Ewallet
258-69-7810,2019-01-26,18:53,C,FA105,5,193.4625,9.2125,Cash
258-92-7466,2019-02-06,18:33,A,HB105,5,187.32,8.92,Credit card
261-12-8671,2019-01-25,19:39,B,FA59,2,128.016,6.096,Credit card
262-47-2794,2019-03-06,15:07,B,HL23,8,603.624,28.744,Credit card
263-10-3913,2019-01-09,14:20,C,FA10,9,463.428,22.068,Credit card
263-12-5321,2019-02-27,12:52,A,EA126,7,680.61,32.41,Credit card
263-87-5680,2019-03-18,17:38,C,HL35,10,299.565,14.265,Ewallet
266-20-6657,2019-03-12,19:39,C,FB124,7,404.544,19.264,Ewallet
266-76-6436,2019-03-28,13:57,C,FB71,3,121.59,5.79,Ewallet
267-62-7380,2019-03-29,19:12,C,EA166,10,864.57,41.17,Ewallet
268-03-6164,2019-01-25,16:28,B,HB67,1,100.9155,4.8055,Ewallet
268-20-3585,2019-02-04,12:50,C,HB104,9,130.8825,6.2325,Ewallet
268-27-6179,2019-03-09,14:57,B,FA20,8,474.348,22.588,Ewallet
269-04-5750,2019-02-21,18:31,B,FA36,4,310.044,14.764,Cash
269-10-8440,2019-01-21,18:01,A,HB70,7,390.7995,18.6095,Cash
271-77-8740,2019-01-01,11:40,C,ST149,6,184.086,8.766,Ewallet
271-88-8734,2019-02-08,13:00,C,FA70,10,1020.705,48.605,Credit card
272-27-9238,2019-02-19,16:23,C,FB62,4,173.208,8.248,Cash
272-65-1806,2019-01-15,17:17,A,EA8,9,575.316,27.396,Ewallet
273-16-6619,2019-03-15,12:20,B,HL4,2,69.72,3.32,Credit card
273-84-2164,2019-02-16,15:53,C,EA105,5,63.2625,3.0125,Ewallet
274-05-5470,2019-02-23,18:30,A,FB121,4,308.574,14.694,Cash
275-28-0149,2019-02-25,16:21,A,ST33,1,66.8745,3.1845,Cash
276-54-0879,2019-03-12,19:53,B,ST54,4,410.508,19.548,Ewallet
276-75-6884,2019-03-04,10:05,A,HB123,3,216.4365,10.3065,Cash
277-35-5865,2019-03-09,11:23,C,FB107,9,935.2665,44.5365,Cash
277-63-2961,2019-02-03,15:53,B,ST86,1,77.6685,3.6985,Credit card
278-86-2735,2019-03-27,14:03,A,FB102,3,164.871,7.851,Cash
278-97-7759,2019-02-18,20:29,A,EA47,1,65.604,3.124,Cash
279-62-1445,2019-02-21,12:38,C,FA34,1,13.167,0.627,Cash
279-74-2924,2019-01-04,19:40,B,EA23,1,75.7785,3.6085,Cash
280-17-4359,2019-01-25,13:48,C,HB26,10,950.25,45.25,Cash
280-35-5823,2019-01-17,18:45,B,HL7,1,91.056,4.336,Ewallet
282-35-2475,2019-03-25,17:53,B,ST87,2,195.951,9.331,Cash
283-26-5248,2019-01-30,20:23,C,FB93,10,1034.46,49.26,Ewallet
283-79-9594,2019-01-25,13:30,B,FB45,7,356.5485,16.9785,Credit card
284-34-9626,2019-02-11,10:39,B,HL31,3,242.676,11.556,Credit card
284-54-4231,2019-01-19,16:08,C,ST109,1,84.9765,4.0465,Credit card
285-68-5083,2019-02-15,17:47,C,ST10,3,77.931,3.711,Credit card
286-01-5402,2019-03-30,13:22,A,ST52,7,295.6905,14.0805,Cash
286-43-6208,2019-03-16,19:08,C,FB35,9,829.71,39.51,Cash
286-62-6248,2019-01-16,20:03,B,FA89,4,164.682,7.842,Credit card
286-75-7818,2019-01-31,19:48,B,FA74,2,145.068,6.908,Credit card
287-21-9091,2019-01-22,10:55,A,HL13,9,705.6315,33.6015,Ewallet
287-83-1405,2019-02-12,19:01,A,HB81,6,160.209,7.629,Ewallet
288-38-3758,2019-01-25,18:30,C,FA137,3,267.3405,12.7305,Ewallet
288-62-1085,2019-01-09,13:34,A,FA150,5,202.335,9.635,Ewallet
289-15-7034,2019-01-11,10:37,A,ST62,4,345.786,16.466,Credit card
289-65-5721,2019-01-26,19:28,B,FA35,2,170.877,8.137,Cash
290-68-2984,2019-03-16,11:22,A,HL42,4,99.75,4.75,Cash
291-21-5991,2019-03-29,14:28,B,HB78,5,321.7725,15.3225,Cash
291-32-1427,2019-03-05,12:29,B,FA18,5,115.185,5.485,Ewallet
291-55-6563,2019-03-30,12:45,A,HL21,6,216.846,10.326,Ewallet
291-59-1384,2019-02-28,17:38,B,EA138,1,63.315,3.015,Cash
296-11-7041,2019-01-12,20:07,B,HB72,1,28.4235,1.3535,Credit card
299-29-0180,2019-03-09,10:54,B,HL114,7,383.523,18.263,Cash
299-46-1805,2019-01-15,16:19,B,ST2,6,590.436,28.116,Cash
300-71-4605,2019-02-25,11:24,C,EA6,5,451.71,21.51,Ewallet
301-11-9629,2019-01-15,10:43,A,ST72,7,140.385,6.685,Cash
301-81-8610,2019-03-19,19:42,B,FA71,8,213.528,10.168,Credit card
302-15-2162,2019-03-03,10:54,C,HB89,6,293.139,13.959,Credit card
303-96-2227,2019-03-02,17:16,B,HL157,10,1022.49,48.69,Ewallet
305-03-2383,2019-02-15,10:36,A,FB123,3,211.365,10.065,Cash
305-14-0245,2019-03-03,19:00,B,HL27,8,793.716,37.796,Ewallet
305-18-3552,2019-02-12,16:19,B,HL78,10,633.99,30.19,Cash
305-89-2768,2019-01-09,18:43,B,HL150,3,68.985,3.285,Ewallet
307-04-2070,2019-02-05,14:14,A,FA141,1,32.151,1.531,Credit card
307-83-9164,2019-01-25,15:54,A,HL56,4,252.042,12.002,Cash
307-85-2293,2019-03-07,13:58,B,HL24,5,263.97,12.57,Ewallet
308-39-1707,2019-01-26,18:19,A,FA114,1,12.6945,0.6045,Credit card
308-47-4913,2019-03-09,12:45,A,ST64,10,548.73,26.13,Credit card
308-81-0538,2019-02-25,17:16,A,FA93,4,306.81,14.61,Credit card
311-13-6971,2019-02-20,15:18,B,ST156,10,335.895,15.995,Credit card
313-66-9943,2019-03-27,20:29,B,FB157,3,91.8225,4.3725,Credit card
314-23-4520,2019-01-15,20:44,C,HB109,7,597.0405,28.4305,Cash
315-22-5665,2019-02-24,11:38,C,HL2,10,772.38,36.78,Ewallet
316-01-3952,2019-03-13,14:16,A,FB68,5,284.9175,13.5675,Ewallet
316-55-4634,2019-01-26,12:45,B,FB29,5,420.2625,20.0125,Credit card
316-66-3011,2019-01-23,12:35,A,FB147,9,450.1035,21.4335,Cash
316-68-6352,2019-01-21,10:00,A,FB46,2,76.356,3.636,Cash
318-12-0304,2019-01-23,12:20,A,FA109,1,32.1405,1.5305,Ewallet
318-68-5053,2019-02-27,17:55,B,HB19,6,485.037,23.097,Cash
318-81-2368,2019-03-19,12:16,C,EA102,1,48.51,2.31,Cash
319-50-3348,2019-03-11,15:30,B,HL3,2,84.63,4.03,Ewallet
319-74-2561,2019-02-21,16:55,A,EA32,3,298.116,14.196,Cash
320-32-8842,2019-03-17,18:58,C,FB82,1,23.751,1.131,Cash
320-49-6392,2019-03-04,15:44,C,EA63,1,31.752,1.512,Cash
320-85-2052,2019-01-14,10:11,B,ST122,1,36.5505,1.7405,Credit card
321-49-7382,2019-02-15,17:38,B,ST161,1,92.7255,4.4155,Credit card
322-02-2271,2019-02-03,11:46,B,ST117,3,135.3555,6.4455,Cash
324-41-6833,2019-03-03,19:30,C,EA128,8,253.68,12.08,Ewallet
324-92-3863,2019-02-05,18:45,A,EA159,2,43.869,2.089,Cash
325-77-6186,2019-03-08,10:53,A,HL74,10,951.825,45.325,Ewallet
325-89-4209,2019-02-05,19:42,A,FB152,1,92.295,4.395,Ewallet
325-90-8763,2019-01-27,13:58,C,EA80,10,488.985,23.285,Cash
326-71-2155,2019-02-03,10:02,C,ST74,4,310.59,14.79,Cash
326-78-5178,2019-02-03,10:19,C,FB8,7,671.79,31.99,Cash
327-40-9673,2019-01-13,19:51,B,ST111,6,457.38,21.78,Cash
329-62-1586,2019-01-21,18:00,A,FB3,3,172.2105,8.2005,Credit card
333-23-2632,2019-03-28,20:14,A,HB144,7,74.088,3.528,Cash
333-73-7901,2019-03-23,13:24,C,HB9,8,461.328,21.968,Ewallet
334-64-2006,2019-03-24,14:22,A,HL98,2,147.672,7.032,Ewallet
336-78-2147,2019-03-13,19:52,C,HL19,8,536.844,25.564,Credit card
338-65-2210,2019-02-05,19:57,C,HB27,10,720.3,34.3,Cash
339-12-4827,2019-01-05,11:32,B,FA92,1,77.658,3.698,Credit card
339-18-7061,2019-02-13,15:06,C,FA102,2,195.258,9.298,Credit card
339-38-9982,2019-01-13,14:55,B,FA90,2,125.706,5.986,Ewallet
339-96-8318,2019-03-01,19:49,B,FA101,7,597.6285,28.4585,Ewallet
340-21-9136,2019-01-25,11:40,A,ST77,4,168.21,8.01,Cash
340-66-0321,2019-03-25,13:07,A,EA56,4,152.712,7.272,Cash
342-65-4817,2019-01-28,16:47,C,HB34,3,273.42,13.02,Ewallet
343-61-3544,2019-01-29,11:48,B,ST100,10,280.035,13.335,Cash
343-75-9322,2019-01-09,16:34,B,ST147,8,99.54,4.74,Cash
343-87-0864,2019-01-03,10:30,C,HB82,1,79.674,3.794,Credit card
345-08-4992,2019-03-08,15:37,A,HL75,6,214.137,10.197,Credit card
345-68-9016,2019-01-02,16:19,C,ST132,8,266.028,12.668,Credit card
346-12-3257,2019-03-04,16:28,B,EA71,9,181.818,8.658,Cash
346-84-3103,2019-03-02,19:26,B,EA38,5,69.405,3.305,Cash
347-34-2234,2019-02-03,13:40,B,ST11,9,520.4115,24.7815,Ewallet
347-56-2442,2019-02-22,15:33,A,HL158,1,69.111,3.291,Cash
347-72-6115,2019-01-16,18:03,B,ST90,7,666.939,31.759,Credit card
349-97-8902,2019-01-17,10:37,B,FB106,2,121.569,5.789,Ewallet
351-62-0822,2019-02-06,18:07,B,FA1,4,60.816,2.896,Ewallet
354-25-5821,2019-02-08,13:03,B,ST9,6,435.456,20.736,Cash
354-39-5160,2019-02-18,15:39,A,HL21,6,216.846,10.326,Cash
355-34-6244,2019-01-13,19:55,B,FB98,2,152.019,7.239,Credit card
355-53-5943,2019-02-25,14:36,A,EA3,6,433.692,20.652,Ewallet
356-44-8813,2019-01-20,13:45,B,HL94,3,118.062,5.622,Credit card
358-88-9262,2019-02-01,18:43,C,FB91,6,551.124,26.244,Ewallet
359-90-3665,2019-01-14,18:03,B,FA103,4,75.936,3.616,Credit card
359-94-5395,2019-03-15,10:50,B,HB119,1,97.419,4.639,Credit card
360-39-5055,2019-03-09,10:17,C,ST14,5,256.7775,12.2275,Cash
361-59-0574,2019-03-15,14:48,B,ST153,8,760.452,36.212,Credit card
361-85-2571,2019-03-30,10:18,A,ST163,5,469.77,22.37,Cash
362-58-8315,2019-03-25,10:23,C,FA12,5,401.73,19.13,Cash
364-33-8584,2019-03-08,15:27,B,FB115,5,92.5575,4.4075,Cash
364-34-2972,2019-03-30,20:37,C,EA160,3,304.983,14.523,Cash
365-16-4334,2019-02-24,14:26,B,FB162,8,222.012,10.572,Ewallet
365-64-0515,2019-02-12,10:25,A,EA5,5,246.4875,11.7375,Ewallet
366-43-6862,2019-03-25,16:32,B,EA25,4,222.138,10.578,Ewallet
366-93-0948,2019-01-31,10:46,A,EA41,1,69.6675,3.3175,Credit card
369-82-2676,2019-01-15,18:22,B,EA107,5,397.215,18.915,Ewallet
370-41-7321,2019-02-27,17:24,B,HB11,9,535.7205,25.5105,Credit card
370-96-0655,2019-01-09,13:46,C,FA124,6,310.716,14.796,Ewallet
371-85-5789,2019-03-05,10:40,B,HB6,3,277.137,13.197,Ewallet
372-26-1506,2019-01-28,19:24,C,FA69,5,125.055,5.955,Ewallet
372-62-5264,2019-01-16,14:42,C,FB125,9,497.07,23.67,Cash
372-94-8041,2019-02-15,18:03,A,HB56,6,96.138,4.578,Ewallet
373-09-4567,2019-03-14,20:35,C,FB104,10,814.38,38.78,Ewallet
373-14-0504,2019-02-12,14:33,A,ST131,2,150.423,7.163,Ewallet
373-73-7910,2019-02-08,10:37,A,ST1,7,634.3785,30.2085,Ewallet
373-88-1424,2019-02-06,18:44,C,HL149,5,188.0025,8.9525,Ewallet
374-17-3652,2019-02-05,15:26,B,FB56,9,404.649,19.269,Credit card
374-38-5555,2019-02-07,19:30,B,FA172,5,334.4775,15.9275,Ewallet
375-72-3056,2019-01-19,15:58,B,ST102,3,198.639,9.459,Ewallet
376-02-8238,2019-02-02,18:42,B,HL40,8,788.508,37.548,Credit card
376-56-3573,2019-02-02,13:23,C,FA46,4,400.764,19.084,Ewallet
377-79-7592,2019-01-14,14:00,C,EA151,9,423.738,20.178,Credit card
378-07-7001,2019-02-10,18:23,B,EA59,3,151.4835,7.2135,Credit card
378-24-2715,2019-01-20,20:38,B,HL18,2,112.224,5.344,Ewallet
379-17-6588,2019-03-14,11:07,C,FA104,10,625.905,29.805,Cash
380-60-5336,2019-02-24,18:06,A,EA131,10,422.73,20.13,Credit card
380-94-4661,2019-02-07,13:05,C,EA43,4,276.948,13.188,Credit card
381-20-0914,2019-01-12,15:48,A,FA11,9,189.0945,9.0045,Credit card
382-03-4532,2019-02-02,18:50,A,HB16,1,19.2465,0.9165,Cash
382-25-8917,2019-01-29,12:25,C,FA60,6,265.104,12.624,Cash
384-59-6655,2019-02-19,15:07,A,FB166,9,932.337,44.397,Cash
386-27-7606,2019-03-23,15:59,C,HL115,7,596.82,28.42,Credit card
387-49-4215,2019-01-08,12:50,B,ST89,3,152.775,7.275,Cash
388-76-2555,2019-02-13,13:59,B,ST133,6,86.247,4.107,Cash
389-25-3394,2019-02-17,18:06,C,EA34,5,62.0025,2.9525,Cash
389-70-2397,2019-02-21,10:26,C,HB132,5,439.215,20.915,Cash
390-17-5806,2019-02-02,16:33,C,FB133,1,40.341,1.921,Cash
390-31-6381,2019-01-07,12:37,C,FB101,3,85.743,4.083,Cash
390-80-5128,2019-01-28,17:58,B,HB71,1,20.1075,0.9575,Credit card
393-65-2792,2019-01-06,12:46,C,FB10,10,939.54,44.74,Credit card
394-30-3170,2019-03-22,19:35,B,ST71,8,742.812,35.372,Credit card
394-41-0748,2019-01-27,14:55,C,FA63,9,510.9615,24.3315,Ewallet
394-43-4238,2019-02-15,12:42,B,HL34,5,93.2925,4.4425,Credit card
394-55-6384,2019-01-25,13:38,C,ST126,9,663.2955,31.5855,Cash
396-90-2219,2019-02-23,12:29,B,EA51,8,125.664,5.984,Cash
397-25-8725,2019-01-13,17:54,A,HB139,9,374.409,17.829,Credit card
399-46-5918,2019-02-28,19:01,C,EA11,8,722.232,34.392,Cash
399-69-4630,2019-03-07,10:23,C,EA93,6,139.923,6.663,Credit card
400-45-1220,2019-02-27,11:06,B,HB60,10,141.75,6.75,Credit card
400-60-7251,2019-02-10,12:50,A,HL29,1,77.7735,3.7035,Ewallet
400-80-4065,2019-02-15,20:21,C,HB118,4,287.91,13.71,Credit card
400-89-4171,2019-01-28,13:05,C,ST31,8,680.148,32.388,Cash
401-09-4232,2019-02-11,18:38,C,HL128,5,455.1225,21.6725,Ewallet
401-18-8016,2019-01-21,17:36,B,ST84,1,103.0365,4.9065,Cash
404-91-5964,2019-02-04,16:09,A,EA124,7,548.163,26.103,Credit card
405-31-3305,2019-02-02,18:31,A,FA80,10,452.865,21.565,Credit card
406-46-7107,2019-01-11,11:52,A,HL122,6,608.076,28.956,Cash
407-63-8975,2019-03-23,19:16,A,FB32,6,465.444,22.164,Ewallet
408-26-9866,2019-03-02,16:42,C,ST99,7,543.753,25.893,Ewallet
408-66-6712,2019-02-16,14:19,C,HB97,6,300.573,14.313,Ewallet
409-33-9708,2019-02-19,10:12,A,FA155,2,206.808,9.848,Ewallet
409-49-6995,2019-02-05,10:17,C,FB153,6,297.801,14.181,Cash
410-67-1709,2019-01-20,17:48,A,FA139,8,536.592,25.552,Ewallet
411-77-0180,2019-03-26,20:14,A,EA52,7,530.67,25.27,Ewallet
413-20-6708,2019-03-18,15:52,C,FA88,1,54.0435,2.5735,Ewallet
414-12-7047,2019-01-18,12:04,B,FB30,8,166.236,7.916,Ewallet
416-13-5917,2019-01-30,16:24,C,FB57,5,509.4075,24.2575,Ewallet
416-17-9926,2019-01-01,14:42,A,EA135,10,779.31,37.11,Credit card
418-02-5978,2019-02-11,10:54,B,HB41,9,794.6505,37.8405,Cash
418-05-0656,2019-02-02,20:42,B,FA134,7,187.866,8.946,Cash
420-04-7590,2019-03-18,11:29,B,HL102,3,314.055,14.955,Ewallet
420-11-4919,2019-02-17,19:57,C,FB36,5,374.7975,17.8475,Credit card
420-18-8989,2019-02-02,15:47,A,ST85,8,432.768,20.608,Cash
420-97-3340,2019-03-28,15:30,A,FB110,3,225.792,10.752,Credit card
421-95-9805,2019-02-07,10:18,A,EA99,1,30.408,1.448,Credit card
422-29-8786,2019-01-03,16:47,A,HL66,5,352.2225,16.7725,Credit card
423-57-2993,2019-03-27,19:18,B,ST32,6,588.357,28.017,Ewallet
423-64-4619,2019-03-07,13:12,A,HB52,9,146.9475,6.9975,Cash
423-80-0988,2019-01-30,19:42,C,ST34,2,160.44,7.64,Ewallet
425-85-2085,2019-03-29,16:48,B,HB79,5,288.015,13.715,Ewallet
426-39-2418,2019-01-14,10:02,C,EA28,7,451.3635,21.4935,Cash
427-45-9297,2019-03-12,11:01,B,HL131,7,299.3655,14.2555,Ewallet
428-83-5800,2019-02-09,10:25,C,FB50,3,66.402,3.162,Cash
430-02-3888,2019-02-07,15:55,B,EA158,6,289.926,13.806,Cash
430-53-4718,2019-01-28,15:46,B,HB151,8,633.108,30.148,Credit card
430-60-3493,2019-02-03,14:38,A,HL54,7,697.368,33.208,Cash
431-66-2305,2019-02-15,20:51,B,EA155,9,833.9625,39.7125,Credit card
433-08-7822,2019-01-05,19:48,C,HB141,7,579.8415,27.6115,Ewallet
433-75-6987,2019-03-05,19:06,B,HB58,7,411.3795,19.5895,Ewallet
434-35-9162,2019-02-04,18:53,B,FB130,4,98.028,4.668,Ewallet
434-83-9547,2019-01-23,11:51,C,FB33,8,323.148,15.388,Cash
435-13-4908,2019-01-24,18:04,A,FA91,8,728.112,34.672,Credit card
436-54-4512,2019-03-20,19:44,A,FB111,1,96.1905,4.5805,Cash
437-53-3084,2019-02-26,11:48,B,FA85,2,209.769,9.989,Ewallet
437-58-8131,2019-01-15,13:41,B,FA30,2,154.392,7.352,Ewallet
438-01-4015,2019-03-21,15:25,B,ST82,4,207.858,9.898,Ewallet
438-23-1242,2019-01-24,10:38,B,EA116,7,557.718,26.558,Ewallet
439-54-7422,2019-03-18,17:15,A,EA50,4,214.998,10.238,Credit card
440-59-5691,2019-02-08,13:12,C,HB74,7,273.0525,13.0025,Credit card
441-94-7118,2019-02-04,12:14,A,EA60,1,75.5475,3.5975,Cash
442-44-6497,2019-01-08,11:42,C,HL113,3,175.0455,8.3355,Credit card
442-48-3607,2019-03-14,11:21,A,FB55,2,49.308,2.348,Credit card
443-59-0061,2019-02-03,11:25,A,FB108,10,708.225,33.725,Ewallet
443-60-9639,2019-01-24,13:24,C,HL127,1,63.9135,3.0435,Cash
443-82-0585,2019-02-01,19:54,A,HB86,4,326.256,15.536,Cash
445-30-9252,2019-01-17,17:59,A,ST128,3,80.955,3.855,Ewallet
446-47-6729,2019-01-02,18:09,C,FA48,2,209.622,9.982,Credit card
447-15-7839,2019-02-09,11:00,A,ST45,10,233.52,11.12,Cash
448-34-8700,2019-02-10,13:51,B,HL155,7,271.2885,12.9185,Ewallet
448-61-3783,2019-03-21,16:08,A,EA145,8,756.168,36.008,Credit card
448-81-5016,2019-03-11,12:01,A,HB44,2,125.517,5.977,Credit card
449-16-6770,2019-02-19,14:53,A,HB143,5,266.6475,12.6975,Credit card
449-27-2918,2019-03-26,11:02,B,ST73,1,41.076,1.956,Credit card
450-28-2866,2019-01-15,19:25,C,FB75,5,91.56,4.36,Cash
450-42-3339,2019-02-09,18:58,C,HB137,10,888.405,42.305,Credit card
451-28-5717,2019-03-20,11:23,C,HL87,6,523.971,24.951,Cash
451-73-2711,2019-01-14,15:20,C,FB132,1,89.0715,4.2415,Ewallet
452-04-8808,2019-01-26,15:17,B,EA163,7,640.038,30.478,Cash
453-12-7053,2019-03-10,17:38,C,FA78,3,144.081,6.861,Credit card
453-33-6436,2019-02-07,10:09,A,HL140,8,782.208,37.248,Cash
453-63-6187,2019-03-01,15:40,B,EA64,3,86.625,4.125,Ewallet
457-12-0244,2019-03-14,13:49,C,ST160,6,221.886,10.566,Ewallet
457-13-1708,2019-01-08,19:07,B,FA138,10,684.915,32.615,Credit card
457-94-0464,2019-01-31,20:32,B,EA123,9,830.3715,39.5415,Ewallet
458-10-8612,2019-01-20,12:27,C,HB140,7,470.988,22.428,Ewallet
458-41-1477,2019-03-08,17:11,C,HB28,6,291.438,13.878,Credit card
458-61-0011,2019-02-20,18:43,B,FB99,4,253.26,12.06,Cash
459-45-2396,2019-02-25,18:45,A,FB158,3,313.74,14.94,Cash
459-50-7686,2019-01-13,19:14,A,EA74,6,147.798,7.038,Ewallet
460-35-4390,2019-01-22,11:00,A,HL92,3,96.642,4.602,Ewallet
460-93-5834,2019-01-13,10:03,A,ST104,7,335.013,15.953,Cash
462-67-9126,2019-01-21,17:44,A,HL63,6,461.286,21.966,Cash
462-78-5240,2019-03-19,14:35,C,EA69,2,55.881,2.661,Cash
466-61-5506,2019-02-26,10:52,B,EA36,6,571.41,27.21,Cash
468-01-2051,2019-03-06,13:46,B,FB39,7,456.288,21.728,Ewallet
468-88-0009,2019-03-24,10:29,A,HL64,4,276.948,13.188,Cash
468-99-7231,2019-03-03,17:36,C,HL125,8,369.684,17.604,Cash
470-31-3286,2019-03-01,11:30,B,HB90,3,46.683,2.223,Credit card
470-32-9057,2019-03-28,15:31,A,FB83,5,269.535,12.835,Credit card
471-06-8611,2019-02-06,10:22,C,FB138,1,55.041,2.621,Credit card
471-41-2823,2019-03-07,20:37,C,FB61,2,209.559,9.979,Ewallet
472-15-9636,2019-03-22,19:36,A,HL72,8,427.812,20.372,Ewallet
474-33-8305,2019-03-23,13:23,C,FA144,7,495.3165,23.5865,Ewallet
477-24-6490,2019-02-26,16:52,B,HB46,6,628.173,29.913,Ewallet
477-59-2456,2019-01-23,11:15,C,FA147,7,333.984,15.904,Cash
478-06-7835,2019-01-11,11:20,A,FA38,1,94.1745,4.4845,Ewallet
479-26-8945,2019-02-05,11:32,B,ST20,2,34.629,1.649,Ewallet
480-63-2856,2019-01-23,18:37,C,FB14,8,161.7,7.7,Ewallet
482-17-1179,2019-01-19,12:47,A,EA115,3,37.611,1.791,Credit card
483-71-1164,2019-03-08,16:43,C,HB25,6,512.19,24.39,Ewallet
484-22-8230,2019-01-08,20:08,C,FA107,7,381.3915,18.1615,Cash
485-30-8700,2019-03-18,16:10,A,ST78,5,174.615,8.315,Credit card
487-79-6868,2019-03-26,19:28,B,HL120,9,116.1405,5.5305,Credit card
488-25-4221,2019-02-22,10:36,C,FB22,1,31.9305,1.5205,Credit card
489-64-4354,2019-03-09,15:36,C,FA72,1,17.094,0.814,Cash
489-82-1237,2019-01-05,11:51,A,EA156,7,690.018,32.858,Credit card
490-29-1201,2019-01-06,11:09,A,ST50,1,16.107,0.767,Cash
490-95-0021,2019-01-08,14:25,B,FB150,10,348.705,16.605,Ewallet
491-38-3499,2019-02-26,17:46,A,FA119,1,58.2225,2.7725,Credit card
493-65-6248,2019-01-01,19:48,C,ST81,10,388.29,18.49,Credit card
497-36-0989,2019-02-15,15:21,A,FA151,3,163.611,7.791,Cash
497-37-6538,2019-01-17,15:15,A,ST139,7,432.9885,20.6185,Ewallet
498-41-1961,2019-02-20,18:01,B,HB49,5,350.07,16.67,Cash
499-27-7781,2019-03-14,16:45,B,FB141,8,446.964,21.284,Ewallet
500-02-2261,2019-03-21,17:04,C,FB160,6,360.927,17.187,Ewallet
501-61-1753,2019-01-03,20:24,B,HL146,6,397.845,18.945,Ewallet
502-05-1910,2019-02-25,20:35,A,HB76,3,205.317,9.777,Credit card
503-07-0930,2019-02-23,19:49,C,ST91,7,429.1665,20.4365,Credit card
503-21-4385,2019-02-21,12:40,B,HB145,3,125.7165,5.9865,Ewallet
504-35-8843,2019-01-02,16:57,A,ST16,1,44.5935,2.1235,Cash
505-02-0892,2019-02-25,14:12,B,HB32,8,357.588,17.028,Ewallet
509-10-0516,2019-02-09,12:02,B,HL138,4,193.074,9.194,Ewallet
509-29-3912,2019-03-20,12:24,A,ST110,9,365.904,17.424,Ewallet
510-09-5628,2019-03-15,18:20,A,FA84,10,206.43,9.83,Credit card
510-79-0415,2019-01-24,19:20,B,ST123,6,145.404,6.924,Ewallet
510-95-6347,2019-03-05,18:17,B,FB11,3,152.838,7.278,Ewallet
511-54-3087,2019-02-25,16:36,B,ST88,1,92.8725,4.4225,Credit card
512-91-0811,2019-02-06,20:05,C,HB21,1,94.2375,4.4875,Credit card
512-98-1403,2019-03-21,10:40,A,EA53,3,83.412,3.972,Ewallet
514-37-2845,2019-03-20,13:02,B,FA98,2,208.425,9.925,Cash
516-77-6464,2019-02-24,13:08,C,HB115,5,53.34,2.54,Ewallet
518-17-2983,2019-02-04,15:44,A,FA121,4,204.246,9.726,Ewallet
518-71-6847,2019-02-26,15:10,B,FB170,6,167.58,7.98,Ewallet
521-18-7827,2019-01-22,20:46,C,HL85,5,206.7975,9.8475,Credit card
522-57-8364,2019-01-31,10:00,A,FA163,8,431.256,20.536,Ewallet
523-38-0215,2019-03-06,13:29,C,HL52,1,38.85,1.85,Credit card
525-09-8450,2019-01-31,15:12,B,EA121,10,757.365,36.065,Credit card
525-88-7307,2019-01-31,13:19,B,ST63,1,79.611,3.791,Cash
526-86-8552,2019-01-07,17:36,C,HL50,10,229.11,10.91,Cash
527-09-6272,2019-03-21,10:17,A,EA57,5,149.3625,7.1125,Credit card
528-14-9470,2019-02-14,14:42,A,HB126,1,95.865,4.565,Ewallet
528-87-5606,2019-02-12,19:43,B,EA111,1,41.454,1.974,Cash
529-56-3974,2019-03-09,17:03,B,EA4,4,107.142,5.102,Cash
530-90-9855,2019-01-01,14:47,A,HL41,8,399.756,19.036,Cash
531-56-4728,2019-02-11,15:29,A,HL156,3,252.252,12.012,Cash
531-80-1784,2019-03-28,17:38,A,EA61,7,191.247,9.107,Cash
532-59-7201,2019-01-31,14:04,B,ST53,6,503.559,23.979,Cash
533-33-5337,2019-02-07,20:24,B,EA79,10,833.595,39.695,Cash
533-66-5566,2019-01-12,11:42,B,HL135,7,375.3645,17.8745,Cash
534-01-4457,2019-01-27,14:36,A,FB88,6,514.773,24.513,Credit card
534-53-3526,2019-02-11,16:06,A,ST138,4,397.992,18.952,Ewallet
537-72-0426,2019-03-20,16:28,C,FA47,10,745.395,35.495,Cash
538-22-0304,2019-03-24,18:27,C,EA134,10,681.975,32.475,Cash
539-21-7227,2019-01-26,17:45,B,ST97,5,270.585,12.885,Cash
540-11-4336,2019-01-11,16:49,A,FB41,9,235.683,11.223,Credit card
541-08-3113,2019-02-02,20:29,C,FB85,8,554.148,26.388,Cash
541-48-8554,2019-01-07,12:08,A,ST96,9,575.9775,27.4275,Credit card
541-89-9860,2019-02-15,12:31,C,FA64,3,253.512,12.072,Cash
542-41-0513,2019-03-15,11:57,B,EA27,4,241.458,11.498,Cash
544-32-5024,2019-03-28,19:16,C,FB105,4,209.118,9.958,Credit card
544-55-9589,2019-01-28,11:51,B,EA143,10,225.015,10.715,Cash
545-07-8534,2019-02-14,12:42,C,HB136,2,122.472,5.832,Ewallet
545-46-3100,2019-03-12,13:52,B,EA37,3,33.3585,1.5885,Credit card
546-80-2899,2019-02-20,15:29,A,HL118,2,79.149,3.769,Ewallet
548-46-9322,2019-02-20,15:24,B,FB27,10,418.95,19.95,Credit card
548-48-3156,2019-03-19,13:37,A,FB151,2,175.014,8.334,Cash
549-03-9315,2019-02-12,12:58,B,FA33,8,796.908,37.948,Ewallet
549-23-9016,2019-02-13,18:15,C,FB144,2,31.227,1.487,Credit card
549-59-1358,2019-03-02,17:36,A,ST4,3,279.1845,13.2945,Ewallet
549-84-7482,2019-02-08,11:15,B,ST24,9,853.146,40.626,Ewallet
549-96-4200,2019-03-08,20:15,C,FB74,4,71.568,3.408,Ewallet
550-84-8664,2019-03-22,14:33,A,ST101,5,451.0275,21.4775,Credit card
551-21-3069,2019-02-01,11:27,C,EA17,9,218.0115,10.3815,Cash
552-44-5977,2019-01-03,19:08,B,HB150,8,520.8,24.8,Credit card
554-42-2417,2019-01-09,13:45,C,ST58,10,1002.12,47.72,Cash
554-53-3790,2019-03-22,18:33,B,ST76,6,233.226,11.106,Cash
554-53-8700,2019-02-02,10:11,C,HL8,2,117.831,5.611,Cash
556-41-6224,2019-02-15,17:10,C,HB99,8,282.576,13.456,Credit card
556-72-8512,2019-01-30,20:47,C,HL79,1,24.108,1.148,Cash
556-86-3144,2019-01-13,19:30,C,FA31,1,78.0045,3.7145,Cash
556-97-7101,2019-01-01,15:51,C,EA86,2,132.762,6.322,Cash
558-60-5016,2019-03-04,15:27,A,HL153,9,314.685,14.985,Ewallet
558-80-4082,2019-03-14,17:20,C,EA46,7,204.6975,9.7475,Ewallet
559-61-5987,2019-01-14,10:38,B,HB120,1,18.6375,0.8875,Cash
559-98-9873,2019-02-10,12:56,A,FA108,7,394.3275,18.7775,Ewallet
560-30-5617,2019-03-24,18:27,B,ST41,5,130.0425,6.1925,Cash
560-49-6611,2019-02-07,14:13,A,ST104,1,47.859,2.279,Cash
562-12-5430,2019-01-18,10:11,A,FA118,3,277.6725,13.2225,Ewallet
563-36-9814,2019-02-13,18:27,A,EA70,1,80.661,3.841,Ewallet
563-47-4072,2019-01-22,11:52,B,HB95,6,351.603,16.743,Cash
563-91-7120,2019-03-08,13:21,A,FA51,5,324.2925,15.4425,Cash
565-17-3836,2019-03-12,14:21,A,HB48,4,200.214,9.534,Cash
565-67-6697,2019-03-02,14:16,B,HL62,9,255.15,12.15,Cash
565-80-5980,2019-01-23,10:25,C,HL14,4,198.996,9.476,Cash
565-91-4567,2019-03-15,14:38,B,HB121,8,90.3,4.3,Ewallet
566-19-5475,2019-01-07,20:52,B,FA45,7,352.5795,16.7895,Cash
566-71-1091,2019-02-03,15:59,A,FA52,5,404.355,19.255,Cash
568-88-3448,2019-03-03,15:09,A,HB73,1,26.25,1.25,Ewallet
568-90-5112,2019-03-19,12:46,C,HB29,4,277.788,13.228,Credit card
569-71-4390,2019-01-25,14:29,B,ST66,2,45.927,2.187,Ewallet
569-76-2760,2019-01-29,18:15,A,ST146,4,92.442,4.402,Credit card
571-94-0759,2019-01-08,20:55,B,FB44,10,783.3,37.3,Cash
573-10-3877,2019-03-12,16:46,B,HB51,1,40.9605,1.9505,Credit card
573-58-9734,2019-03-28,13:41,B,FA32,3,95.6655,4.5555,Ewallet
573-98-8548,2019-01-05,12:40,C,FA86,1,33.495,1.595,Ewallet
574-22-5561,2019-03-19,17:08,C,FA5,10,867.615,41.315,Ewallet
574-31-8277,2019-03-20,19:55,B,FA116,1,35.3115,1.6815,Cash
574-57-9721,2019-03-08,16:53,C,FB73,2,90.867,4.327,Ewallet
574-80-1489,2019-02-25,13:22,B,FB163,4,263.97,12.57,Ewallet
575-30-8091,2019-03-16,19:25,A,ST28,8,609,29,Ewallet
575-67-1508,2019-01-29,11:26,A,EA84,1,40.53,1.93,Ewallet
576-31-4774,2019-03-02,13:10,B,HB98,3,231.2415,11.0115,Ewallet
577-34-7579,2019-01-10,17:16,C,FB165,9,477.1305,22.7205,Cash
578-80-7669,2019-03-16,16:58,B,ST59,1,78.7185,3.7485,Cash
582-52-8065,2019-02-22,10:49,B,FA96,9,513.2295,24.4395,Cash
583-41-4548,2019-02-07,11:36,C,HL90,7,122.5245,5.8345,Ewallet
583-72-1480,2019-01-31,16:24,C,EA35,4,155.652,7.412,Ewallet
584-66-4073,2019-03-13,15:45,C,FA157,1,59.325,2.825,Ewallet
584-86-7256,2019-03-11,16:07,C,ST30,7,254.016,12.096,Credit card
585-03-5943,2019-03-13,11:46,B,HB50,10,190.155,9.055,Ewallet
585-11-6748,2019-03-15,13:05,B,ST106,3,304.92,14.52,Cash
585-86-8361,2019-02-03,10:31,A,FB134,5,143.22,6.82,Credit card
585-90-0249,2019-01-27,18:08,A,EA140,1,76.923,3.663,Ewallet
586-25-0848,2019-03-04,11:19,A,ST37,7,90.699,4.319,Credit card
587-03-7455,2019-02-16,17:30,C,FA67,7,718.7565,34.2265,Ewallet
587-73-4862,2019-03-26,11:07,A,HB110,5,56.1225,2.6725,Ewallet
588-01-7461,2019-03-24,10:43,C,FB19,9,321.111,15.291,Cash
588-47-8641,2019-01-14,19:30,A,FA122,10,588.42,28.02,Ewallet
589-02-8023,2019-01-15,10:54,A,FB113,2,175.917,8.377,Credit card
590-83-4591,2019-02-17,14:40,B,EA21,6,550.935,26.235,Credit card
592-34-6155,2019-01-14,14:43,C,FB100,4,133.434,6.354,Ewallet
592-46-1692,2019-01-11,20:10,C,FB129,7,270.2595,12.8695,Cash
593-08-5916,2019-03-19,15:23,A,FA169,1,16.275,0.775,Credit card
593-14-4239,2019-03-05,19:40,B,HL123,8,801.864,38.184,Ewallet
593-65-1552,2019-01-28,20:50,C,HL30,4,293.202,13.962,Credit card
593-95-4461,2019-03-24,14:49,C,HL53,1,78.603,3.743,Cash
594-34-4444,2019-03-08,20:38,A,EA15,1,102.018,4.858,Ewallet
595-11-5460,2019-03-15,10:12,A,HB8,2,202.818,9.658,Credit card
595-27-4851,2019-01-27,18:05,A,FA87,7,398.958,18.998,Ewallet
595-86-2894,2019-02-06,17:20,C,FA62,4,407.316,19.396,Ewallet
595-94-9924,2019-03-26,20:21,A,HB135,5,145.5825,6.9325,Credit card
596-42-3999,2019-03-10,14:04,B,FB67,7,133.917,6.377,Credit card
597-78-7908,2019-02-18,19:39,C,FA23,3,284.193,13.533,Cash
598-06-7312,2019-02-16,15:42,B,FA113,1,95.9175,4.5675,Cash
598-47-9715,2019-03-07,16:54,C,EA83,4,353.094,16.814,Ewallet
600-38-9738,2019-01-17,15:05,C,ST92,5,377.58,17.98,Credit card
602-16-6955,2019-01-24,18:10,B,ST165,10,804.3,38.3,Ewallet
602-80-9671,2019-02-09,17:15,C,HL83,6,100.485,4.785,Credit card
603-07-0961,2019-01-10,11:34,C,EA55,5,392.6475,18.6975,Cash
604-70-6476,2019-01-23,14:04,A,FA40,5,94.185,4.485,Ewallet
605-03-2706,2019-03-25,18:02,A,HB146,3,49.77,2.37,Cash
605-72-4132,2019-02-27,15:12,C,FB60,8,793.548,37.788,Cash
605-83-1050,2019-03-15,16:26,B,FA143,2,57.078,2.718,Ewallet
606-80-4905,2019-01-29,10:01,C,ST38,6,120.645,5.745,Credit card
607-65-2441,2019-03-10,12:39,C,HB108,10,860.475,40.975,Credit card
607-76-6216,2019-03-02,16:35,C,FA161,5,485.5725,23.1225,Credit card
608-04-3797,2019-03-05,20:24,B,HB77,8,212.688,10.128,Ewallet
608-05-3804,2019-02-25,20:19,B,EA144,1,41.7375,1.9875,Cash
608-27-6295,2019-01-19,17:34,B,EA25,6,333.207,15.867,Credit card
608-96-3517,2019-03-23,19:20,B,FA25,4,384.468,18.308,Credit card
609-81-8548,2019-02-06,13:55,A,HL88,6,235.872,11.232,Credit card
610-46-4100,2019-03-03,20:31,A,HB93,7,212.7825,10.1325,Credit card
612-36-5536,2019-02-17,11:12,A,FB59,8,680.064,32.384,Credit card
613-59-9758,2019-01-27,14:28,C,ST60,10,150.78,7.18,Cash
616-24-2851,2019-03-22,14:42,B,FA6,4,75.054,3.574,Ewallet
616-87-0016,2019-03-09,14:36,B,FA75,7,702.219,33.439,Credit card
617-15-4209,2019-03-16,19:47,C,HB10,2,32.277,1.537,Cash
618-34-8551,2019-01-16,18:41,A,ST142,2,195.678,9.318,Credit card
620-02-2046,2019-01-27,19:48,C,HL82,2,145.74,6.94,Ewallet
622-20-1945,2019-01-18,15:08,C,HB55,1,41.391,1.971,Cash
624-01-8356,2019-01-27,10:44,B,HL139,10,514.605,24.505,Credit card
626-43-7888,2019-02-07,12:23,C,FA127,8,507.444,24.164,Ewallet
627-95-3243,2019-02-04,13:21,B,HL80,9,734.076,34.956,Ewallet
628-34-3388,2019-01-05,20:54,C,FA15,6,172.494,8.214,Credit card
628-90-8624,2019-03-14,14:41,B,HB91,10,867.09,41.29,Cash
629-42-4133,2019-02-19,19:24,C,HB114,8,183.12,8.72,Cash
630-74-5166,2019-03-22,20:19,A,ST19,6,391.419,18.639,Cash
631-34-1880,2019-01-08,19:09,C,FB148,3,76.5765,3.6465,Credit card
631-41-3108,2019-03-03,13:23,A,HL1,7,340.5255,16.2155,Credit card
632-32-4574,2019-03-20,14:14,B,ST83,8,637.728,30.368,Cash
632-90-0281,2019-03-08,20:01,C,FA57,10,394.275,18.775,Credit card
633-09-3463,2019-03-28,12:58,C,EA58,3,150.0975,7.1475,Credit card
633-44-8566,2019-03-27,20:35,A,FB16,7,362.943,17.283,Credit card
633-91-1052,2019-01-27,15:51,A,HL49,2,25.263,1.203,Cash
634-97-8956,2019-02-17,17:27,A,FB54,3,103.635,4.935,Credit card
635-28-5728,2019-02-28,19:33,A,HB107,3,176.4,8.4,Ewallet
635-40-6220,2019-02-07,11:28,A,HB12,8,752.64,35.84,Ewallet
636-17-0325,2019-02-25,18:37,B,HB125,4,262.794,12.514,Cash
636-48-8204,2019-02-17,11:15,A,EA7,5,181.44,8.64,Ewallet
636-98-3364,2019-03-02,12:36,B,EA67,3,82.719,3.939,Ewallet
638-60-7125,2019-02-14,17:03,A,EA20,8,836.304,39.824,Credit card
639-76-1242,2019-02-03,15:19,C,FB80,5,212.73,10.13,Cash
640-48-5028,2019-03-02,12:40,B,HL110,9,835.2855,39.7755,Cash
640-49-2076,2019-01-10,14:49,B,ST6,8,703.752,33.512,Cash
641-43-2399,2019-01-26,20:23,B,HL32,4,107.31,5.11,Ewallet
641-51-2661,2019-02-12,14:45,C,FB118,10,914.55,43.55,Credit card
641-62-7288,2019-03-24,13:33,B,HL145,6,629.496,29.976,Ewallet
641-96-3695,2019-02-07,17:55,C,FA111,6,273.798,13.038,Ewallet
642-30-6693,2019-03-17,13:54,B,ST108,6,343.413,16.353,Ewallet
642-32-2990,2019-02-02,20:48,A,FB20,10,115.08,5.48,Ewallet
642-61-4706,2019-03-30,16:34,B,FB120,2,196.14,9.34,Cash
643-38-7867,2019-03-07,11:44,A,HL91,1,102.837,4.897,Ewallet
645-44-1170,2019-01-19,20:07,A,HL16,9,548.7615,26.1315,Ewallet
645-78-8093,2019-01-20,18:09,A,ST43,2,195.594,9.314,Ewallet
647-50-1224,2019-01-12,16:23,A,FA94,10,308.91,14.71,Ewallet
648-83-1321,2019-01-16,17:59,A,HL106,10,667.38,31.78,Cash
648-94-3045,2019-02-07,14:27,C,HB100,10,618.975,29.475,Ewallet
649-11-3678,2019-02-26,20:26,C,FB51,9,216.6885,10.3185,Cash
649-29-6775,2019-02-08,15:31,B,FA2,1,35.196,1.676,Cash
650-98-6268,2019-03-20,13:53,B,FB72,3,65.7405,3.1305,Credit card
651-61-0874,2019-03-12,20:04,C,HL69,4,194.124,9.244,Credit card
651-88-7328,2019-01-01,13:55,A,FA99,9,621.243,29.583,Cash
651-96-5970,2019-03-03,20:06,A,FA142,1,48.7305,2.3205,Credit card
652-43-6591,2019-03-09,13:18,A,FA138,8,817.236,38.916,Credit card
652-49-6720,2019-02-18,11:40,C,EA168,1,63.9975,3.0475,Ewallet
655-07-2265,2019-03-05,16:38,A,EA101,3,246.6765,11.7465,Ewallet
655-85-5130,2019-03-13,19:22,B,FA44,4,160.86,7.66,Cash
656-16-1063,2019-01-04,13:24,B,ST39,3,146.223,6.963,Credit card
656-95-9349,2019-03-11,11:03,A,HB5,7,506.6355,24.1255,Credit card
658-66-3967,2019-01-14,15:42,C,HB127,7,390.9465,18.6165,Ewallet
659-36-1684,2019-01-12,12:02,C,ST21,7,419.832,19.992,Credit card
659-65-8956,2019-01-16,15:26,B,FA19,1,53.928,2.568,Ewallet
660-29-7083,2019-01-15,15:01,C,EA137,10,586.635,27.935,Cash
662-47-5456,2019-03-17,19:06,C,FA41,10,369.495,17.595,Credit card
662-72-2873,2019-01-06,13:58,A,FB65,5,214.935,10.235,Ewallet
663-86-9076,2019-01-08,15:57,C,FB21,8,575.736,27.416,Ewallet
664-14-2882,2019-01-30,14:43,C,HL119,5,55.2825,2.6325,Credit card
665-32-9167,2019-01-10,17:15,A,HB3,2,76.146,3.626,Credit card
665-63-9737,2019-02-27,17:36,B,FA115,3,165.123,7.863,Ewallet
667-23-5919,2019-01-14,12:52,A,FA61,5,507.675,24.175,Ewallet
667-92-0055,2019-03-04,15:02,A,HB47,6,628.929,29.949,Ewallet
668-90-8900,2019-03-10,18:44,A,HL20,7,688.6215,32.7915,Credit card
669-54-1719,2019-02-10,12:45,B,EA10,6,119.259,5.679,Credit card
670-71-7306,2019-01-02,20:08,B,ST148,6,281.169,13.389,Credit card
670-79-6321,2019-01-17,15:27,B,HL100,7,695.2365,33.1065,Credit card
672-51-8681,2019-01-04,18:19,C,EA29,9,629.8425,29.9925,Credit card
674-15-9296,2019-01-08,13:05,A,ST80,5,194.985,9.285,Ewallet
674-56-6360,2019-03-22,14:00,A,EA132,1,99.9075,4.7575,Cash
676-10-2200,2019-02-03,20:13,B,FA166,1,56.469,2.689,Ewallet
676-39-6028,2019-03-30,17:04,A,EA82,5,338.31,16.11,Cash
677-11-0152,2019-01-16,18:08,C,FB37,9,881.307,41.967,Cash
678-79-0726,2019-01-18,15:28,C,ST129,9,856.4535,40.7835,Cash
679-22-6530,2019-01-17,10:01,B,ST120,2,85.302,4.062,Credit card
685-64-1609,2019-02-10,12:28,A,FA24,10,316.47,15.07,Ewallet
686-41-0932,2019-03-13,19:48,B,FA83,2,72.87,3.47,Ewallet
687-15-1097,2019-01-03,19:17,C,HB45,2,44.352,2.112,Cash
687-47-8271,2019-02-08,16:20,A,FA27,10,1039.29,49.49,Credit card
689-05-1884,2019-03-04,12:44,A,HB101,10,510.615,24.315,Cash
689-16-9784,2019-03-11,13:37,C,FB66,6,294.651,14.031,Cash
690-01-6631,2019-02-22,18:35,B,FA173,10,183.645,8.745,Ewallet
692-27-8933,2019-02-24,13:02,B,ST56,6,365.085,17.385,Cash
692-92-5582,2019-02-20,13:27,B,FB1,3,172.746,8.226,Credit card
695-09-5146,2019-02-23,20:00,B,FB116,3,311.1885,14.8185,Ewallet
695-28-6250,2019-02-04,16:38,A,ST103,5,226.065,10.765,Ewallet
695-51-0018,2019-02-10,18:36,B,ST26,4,146.328,6.968,Cash
696-90-2548,2019-03-10,18:55,A,ST67,3,81.396,3.876,Ewallet
698-98-5964,2019-01-17,13:01,A,FB96,10,852.705,40.605,Credit card
699-01-4164,2019-03-12,19:58,C,HB37,4,174.3,8.3,Credit card
699-14-3026,2019-03-25,18:30,C,EA2,7,627.6165,29.8865,Ewallet
699-88-1972,2019-01-28,17:47,B,HB133,8,832.944,39.664,Credit card
700-81-1757,2019-01-18,20:59,A,EA22,5,138.1275,6.5775,Credit card
701-23-5550,2019-03-19,13:40,B,HL93,4,163.002,7.762,Ewallet
701-69-8742,2019-03-16,10:11,B,ST79,10,360.885,17.185,Ewallet
702-72-0487,2019-02-26,12:28,A,EA127,2,97.881,4.661,Credit card
702-83-5291,2019-03-27,10:43,C,FA48,9,943.299,44.919,Cash
704-10-4056,2019-01-14,10:55,C,HB117,3,190.4805,9.0705,Credit card
704-11-6354,2019-01-06,11:23,A,HL43,8,494.76,23.56,Cash
704-20-4138,2019-03-11,18:58,C,HB53,7,218.0745,10.3845,Credit card
704-48-3927,2019-01-12,14:50,A,EA18,10,931.035,44.335,Ewallet
706-36-6154,2019-01-18,18:43,A,HL103,9,182.952,8.712,Ewallet
707-32-7409,2019-02-26,11:58,B,ST134,4,401.268,19.108,Ewallet
709-58-4068,2019-02-28,14:42,B,FA81,10,431.445,20.545,Cash
710-46-4433,2019-02-15,14:15,B,FB78,9,731.43,34.83,Credit card
711-31-1234,2019-03-16,18:51,B,EA122,4,401.688,19.128,Cash
712-39-0363,2019-01-02,15:24,A,FB94,6,262.458,12.498,Ewallet
714-02-3114,2019-02-21,11:39,C,ST119,2,207.48,9.88,Cash
715-20-1673,2019-03-06,20:57,B,EA149,5,148.995,7.095,Cash
716-39-1409,2019-03-19,18:19,B,HB23,7,223.0725,10.6225,Cash
717-96-4189,2019-02-02,12:40,C,EA153,6,223.587,10.647,Cash
718-57-9773,2019-02-03,16:40,C,ST98,10,517.965,24.665,Credit card
719-76-3868,2019-03-12,16:30,C,FB53,4,395.892,18.852,Cash
719-89-8991,2019-02-25,16:03,A,ST93,5,479.9025,22.8525,Ewallet
720-72-2436,2019-03-02,18:14,A,FB161,4,279.384,13.304,Ewallet
721-86-6247,2019-03-11,12:55,A,HL38,8,532.728,25.368,Ewallet
722-13-2115,2019-03-14,15:36,C,ST158,1,44.9925,2.1425,Credit card
725-32-9708,2019-01-04,19:01,B,FA68,4,288.582,13.742,Cash
725-54-0677,2019-03-02,13:50,C,HB134,7,629.16,29.96,Cash
725-56-0833,2019-02-20,16:49,A,HB61,10,339.36,16.16,Credit card
725-67-2480,2019-03-24,18:14,B,FA120,6,370.125,17.625,Credit card
725-96-3778,2019-01-20,10:13,C,HL61,8,749.7,35.7,Cash
726-27-2396,2019-01-24,20:36,A,HB63,5,406.875,19.375,Ewallet
726-29-6793,2019-01-28,20:54,A,EA87,8,203.112,9.672,Ewallet
727-02-1313,2019-02-09,13:22,A,FB174,1,33.432,1.592,Cash
727-17-0390,2019-03-16,12:43,A,FB77,5,333.9525,15.9025,Ewallet
727-46-3608,2019-02-06,15:47,B,FB7,9,189.0945,9.0045,Ewallet
727-75-6477,2019-03-29,14:44,C,EA49,4,121.128,5.768,Cash
728-47-9078,2019-01-19,12:46,C,FB172,4,250.278,11.918,Cash
728-88-7867,2019-03-19,15:52,C,HL111,4,317.226,15.106,Ewallet
729-06-2010,2019-01-06,11:18,B,HB102,9,760.4415,36.2115,Cash
729-09-9681,2019-02-05,10:16,A,HL44,6,163.233,7.773,Ewallet
729-46-7422,2019-02-23,16:52,C,FB79,1,37.6845,1.7945,Credit card
730-50-9884,2019-03-05,14:31,C,ST15,7,610.491,29.071,Ewallet
730-61-8757,2019-01-25,10:11,B,HB57,4,214.746,10.226,Credit card
730-70-9830,2019-03-14,17:54,C,HL65,6,441.693,21.033,Ewallet
731-14-2199,2019-01-04,13:34,A,HL47,10,373.17,17.77,Ewallet
731-59-7531,2019-03-30,17:58,B,HB75,8,609.588,29.028,Cash
731-81-9469,2019-01-23,13:00,C,ST29,10,942.9,44.9,Credit card
732-04-5373,2019-02-08,10:53,B,HL28,4,195.174,9.294,Cash
732-67-5346,2019-01-11,19:07,A,FB70,5,72.3975,3.4475,Credit card
732-94-0499,2019-01-13,17:04,C,EA14,10,437.325,20.825,Credit card
733-01-9107,2019-03-05,18:14,B,HL15,6,521.01,24.81,Cash
733-29-1227,2019-03-23,12:41,C,HL117,7,408.7335,19.4635,Cash
733-33-4967,2019-03-03,19:17,C,EA24,8,175.14,8.34,Cash
734-91-1155,2019-03-26,10:34,B,EA89,3,143.9865,6.8565,Credit card
735-06-4124,2019-02-25,15:31,C,FB47,1,51.0405,2.4305,Cash
735-32-9839,2019-01-31,10:36,C,FA130,8,829.08,39.48,Ewallet
737-88-5876,2019-03-19,11:52,A,HL136,4,97.818,4.658,Credit card
740-11-5257,2019-02-24,16:44,C,EA106,10,259.77,12.37,Cash
740-22-2500,2019-01-23,13:29,C,EA73,3,264.7575,12.6075,Cash
741-73-3559,2019-02-27,17:27,B,ST68,5,353.1675,16.8175,Cash
742-04-5161,2019-02-03,17:24,A,HL104,10,764.19,36.39,Cash
743-04-1105,2019-03-30,14:43,B,HB31,9,918.729,43.749,Ewallet
743-88-1662,2019-02-22,18:17,C,ST61,7,701.8515,33.4215,Ewallet
744-02-5987,2019-01-10,14:16,A,HL55,6,493.794,23.514,Ewallet
744-09-5786,2019-01-02,18:50,B,EA77,6,138.663,6.603,Cash
744-16-7898,2019-01-15,13:48,B,HL126,10,1022.385,48.685,Credit card
744-82-9138,2019-02-07,17:59,C,FA170,2,180.873,8.613,Cash
745-71-3520,2019-02-04,10:23,A,EA72,7,185.367,8.827,Cash
745-74-0715,2019-03-10,20:46,A,EA167,2,121.863,5.803,Ewallet
746-04-1077,2019-01-01,11:36,B,FB168,10,888.615,42.315,Credit card
746-19-0921,2019-02-09,10:02,C,FB84,1,22.659,1.079,Ewallet
746-54-5508,2019-01-17,12:48,A,HL59,6,135.576,6.456,Credit card
746-68-6593,2019-01-11,14:29,C,ST42,2,183.036,8.716,Credit card
746-94-0204,2019-01-29,11:56,A,FA26,9,786.618,37.458,Credit card
747-58-7183,2019-02-09,20:31,B,FA95,3,180.4005,8.5905,Ewallet
748-45-2862,2019-03-07,18:35,A,HL132,4,118.902,5.662,Cash
749-24-1565,2019-01-03,12:02,A,HB39,9,217.6335,10.3635,Ewallet
749-81-8133,2019-03-11,12:04,A,FA164,4,397.614,18.934,Cash
750-57-9686,2019-01-08,13:48,C,HL73,4,190.596,9.076,Credit card
750-67-8428,2019-01-05,13:08,A,HB1,7,548.9715,26.1415,Ewallet
751-15-6198,2019-01-12,16:45,B,ST141,6,144.963,6.903,Ewallet
751-41-9720,2019-01-12,16:18,C,HL109,10,1023.75,48.75,Ewallet
751-69-0068,2019-03-19,19:09,C,ST69,9,937.818,44.658,Ewallet
752-23-3760,2019-02-19,19:29,B,ST121,7,470.988,22.428,Credit card
755-12-3214,2019-03-05,17:07,C,FA37,5,232.155,11.055,Credit card
756-01-7507,2019-01-22,18:56,C,HB17,5,106.995,5.095,Cash
756-49-0168,2019-02-08,11:39,A,FA137,1,20.685,0.985,Ewallet
756-93-1854,2019-02-02,14:05,C,FA165,2,175.035,8.335,Credit card
759-29-9521,2019-03-04,11:27,A,FA145,9,462.672,22.032,Cash
759-98-4285,2019-02-27,19:01,C,HB112,7,631.1445,30.0545,Credit card
760-27-5490,2019-01-20,20:37,C,FA129,8,131.208,6.248,Ewallet
760-53-9233,2019-03-26,18:37,A,FA148,3,130.032,6.192,Credit card
760-54-1821,2019-03-15,10:26,B,HL68,9,128.4255,6.1155,Cash
760-90-2357,2019-03-20,15:08,A,EA97,6,469.413,22.353,Ewallet
761-49-0439,2019-01-19,10:17,B,EA146,8,101.64,4.84,Ewallet
764-44-8999,2019-02-18,14:42,B,HB149,2,30.996,1.476,Ewallet
765-26-6951,2019-01-01,10:39,A,ST3,6,457.443,21.783,Credit card
766-85-7061,2019-03-29,10:25,B,HB22,10,922.635,43.935,Ewallet
767-05-1286,2019-01-23,12:10,C,HL77,6,527.751,25.131,Ewallet
767-54-1907,2019-02-13,16:59,B,FA79,5,155.19,7.39,Cash
767-97-4650,2019-01-08,11:59,B,ST124,2,136.143,6.483,Credit card
770-42-8960,2019-01-01,19:31,B,FB146,8,177.408,8.448,Cash
775-72-1988,2019-01-24,15:05,B,HL121,5,384.72,18.32,Ewallet
776-68-1096,2019-03-18,13:45,B,HL112,3,138.978,6.618,Credit card
777-67-2495,2019-02-22,11:26,B,HL141,3,217.2555,10.3455,Ewallet
777-82-7220,2019-03-03,13:01,B,HL6,8,253.008,12.048,Cash
778-34-2523,2019-01-24,10:57,A,EA133,8,408.408,19.448,Cash
778-71-5554,2019-01-25,15:46,C,FA7,1,16.2015,0.7715,Credit card
778-89-7974,2019-03-30,14:58,C,HB94,6,442.323,21.063,Cash
779-06-0012,2019-01-19,10:21,C,HL57,1,93.0405,4.4305,Cash
779-42-2410,2019-02-20,13:06,B,FB119,3,181.881,8.661,Ewallet
781-84-8059,2019-01-18,16:23,C,FA162,7,446.439,21.259,Ewallet
782-95-9291,2019-02-20,15:55,A,FB24,5,484.5225,23.0725,Credit card
783-09-1637,2019-03-06,18:13,B,ST48,5,354.0075,16.8575,Ewallet
784-08-0310,2019-01-13,13:58,C,FB164,4,88.368,4.208,Cash
784-21-9238,2019-02-07,14:15,C,ST144,1,10.6785,0.5085,Cash
785-13-7708,2019-01-14,19:06,B,FB42,7,536.991,25.571,Credit card
785-96-0615,2019-02-17,15:28,B,EA120,8,300.216,14.296,Ewallet
786-94-2700,2019-02-28,20:18,A,FB128,6,507.906,24.186,Cash
787-15-1757,2019-02-18,16:28,C,HB54,4,185.094,8.814,Ewallet
787-56-0757,2019-02-23,18:45,C,FB15,4,337.512,16.072,Credit card
787-87-2010,2019-01-20,15:48,A,HB111,4,233.1,11.1,Credit card
788-07-8452,2019-01-27,17:38,C,HL97,7,178.164,8.484,Ewallet
788-21-5741,2019-02-17,13:34,A,FA132,3,142.947,6.807,Credit card
789-23-8625,2019-01-24,11:45,B,FA110,3,293.643,13.983,Cash
790-29-1172,2019-03-10,18:59,B,FB38,3,180.621,8.601,Credit card
790-38-4466,2019-01-23,10:18,C,HB116,5,57.6975,2.7475,Credit card
793-10-3222,2019-03-05,13:30,B,HB64,6,258.678,12.318,Credit card
794-32-2436,2019-03-27,15:08,B,EA104,2,116.907,5.567,Ewallet
794-42-3736,2019-01-26,14:41,B,FB167,2,69.993,3.333,Credit card
795-49-7276,2019-03-23,18:59,A,FA82,4,156.03,7.43,Ewallet
796-12-2025,2019-02-11,16:19,C,FA9,10,652.26,31.06,Cash
796-32-9050,2019-01-19,16:31,A,FB28,6,323.064,15.384,Cash
797-88-0493,2019-03-26,13:54,A,HB84,4,269.934,12.854,Cash
799-71-1548,2019-01-07,16:11,A,EA40,4,326.424,15.544,Credit card
800-09-8606,2019-01-29,19:45,A,HL107,5,458.6925,21.8425,Cash
801-88-0346,2019-01-05,20:30,C,FA140,3,239.589,11.409,Credit card
802-43-8934,2019-03-22,15:05,A,HL37,1,19.194,0.914,Credit card
802-70-5316,2019-03-06,20:34,A,ST25,6,580.419,27.639,Cash
803-17-8013,2019-02-17,17:09,A,HL58,8,745.836,35.516,Cash
803-83-5989,2019-02-24,10:55,C,HL12,6,351.099,16.719,Ewallet
804-38-3935,2019-01-30,11:32,A,EA139,3,295.407,14.067,Credit card
805-86-0265,2019-03-20,11:32,A,HL116,9,887.922,42.282,Cash
807-14-7833,2019-02-22,12:30,A,EA119,10,182.91,8.71,Ewallet
807-34-3742,2019-03-26,19:44,A,FA149,1,54.999,2.619,Cash
808-65-0703,2019-03-14,17:22,C,HL45,4,148.974,7.094,Credit card
809-46-1866,2019-01-23,17:44,A,HB147,4,244.23,11.63,Cash
809-69-9497,2019-01-19,19:30,A,HL148,10,479.64,22.84,Ewallet
810-60-6344,2019-02-07,14:38,C,EA75,8,343.224,16.344,Credit card
811-03-8790,2019-03-01,10:22,A,EA110,10,477.54,22.74,Credit card
811-35-1094,2019-02-06,15:16,B,EA150,6,317.835,15.135,Credit card
815-04-6282,2019-02-08,12:52,C,ST143,5,341.0925,16.2425,Credit card
815-11-1168,2019-03-09,19:09,A,FB52,5,523.845,24.945,Cash
816-57-2053,2019-03-09,12:37,A,ST112,2,127.827,6.087,Ewallet
816-72-8853,2019-01-29,15:48,A,ST116,5,146.6325,6.9825,Cash
817-48-8732,2019-01-20,15:55,A,HL11,10,759.675,36.175,Cash
817-69-8206,2019-03-02,19:42,B,EA30,9,942.4485,44.8785,Credit card
821-07-3596,2019-03-07,14:53,C,FA43,4,69.09,3.29,Ewallet
821-14-9046,2019-01-18,15:04,B,FA133,6,110.124,5.244,Credit card
824-88-3614,2019-01-25,15:00,C,HB35,8,288.204,13.724,Ewallet
825-94-5922,2019-03-02,19:26,B,ST162,2,53.151,2.531,Ewallet
826-58-8051,2019-01-06,19:46,B,HL108,4,261.198,12.438,Ewallet
827-26-2100,2019-03-21,16:21,A,HL26,9,319.788,15.228,Ewallet
827-44-5872,2019-02-07,11:28,B,FB89,10,570.78,27.18,Credit card
827-77-7633,2019-02-17,19:41,A,ST94,9,926.9505,44.1405,Cash
828-46-6863,2019-01-23,11:22,A,FB109,6,620.739,29.559,Credit card
828-61-5674,2019-03-20,19:57,A,ST49,10,462.21,22.01,Credit card
829-34-3910,2019-03-29,19:21,A,HB4,10,749.49,35.69,Cash
829-49-1914,2019-03-05,16:24,C,FB12,10,822.255,39.155,Ewallet
830-58-2383,2019-02-08,15:26,B,HL99,4,133.35,6.35,Cash
831-07-6050,2019-03-19,11:30,A,EA26,5,171.7275,8.1775,Credit card
831-64-0259,2019-02-22,10:43,B,FA66,5,208.6875,9.9375,Ewallet
831-81-6575,2019-02-23,11:12,B,EA129,9,714.3255,34.0155,Cash
832-51-6761,2019-01-19,20:29,A,FB142,8,284.592,13.552,Ewallet
834-25-9262,2019-01-06,12:12,C,FA58,4,343.056,16.336,Cash
834-45-5519,2019-01-31,20:48,B,EA113,4,180.6,8.6,Ewallet
834-61-8124,2019-01-26,18:22,A,EA62,7,379.9215,18.0915,Cash
834-83-1826,2019-02-25,17:16,B,HL96,5,430.71,20.51,Credit card
835-16-0096,2019-03-24,13:48,C,ST55,5,77.175,3.675,Ewallet
836-82-5858,2019-01-26,19:14,B,HB40,9,655.5465,31.2165,Ewallet
837-55-7229,2019-02-22,18:19,B,FA76,1,49.812,2.372,Credit card
838-02-1821,2019-02-22,12:10,C,HL144,2,26.733,1.273,Credit card
838-78-4295,2019-02-10,15:43,C,HB15,2,70.287,3.347,Ewallet
840-19-2096,2019-03-14,18:10,C,EA100,5,461.5275,21.9775,Ewallet
840-76-5966,2019-01-08,18:06,A,ST152,2,26.796,1.276,Ewallet
841-18-8232,2019-01-05,20:40,B,FB92,1,74.76,3.56,Credit card
841-35-6630,2019-03-09,18:21,C,EA13,6,478.233,22.773,Cash
842-29-4695,2019-01-16,12:07,C,ST118,7,125.979,5.999,Credit card
842-40-8179,2019-02-11,10:38,B,FB137,10,810.6,38.6,Credit card
843-01-4703,2019-01-05,19:50,B,HL67,9,334.341,15.921,Credit card
843-73-4724,2019-01-25,11:05,A,FA154,1,77.805,3.705,Cash
845-51-0542,2019-02-02,15:34,B,FB43,9,439.8975,20.9475,Ewallet
845-94-6841,2019-01-08,19:38,C,FB145,9,688.716,32.796,Cash
846-10-0341,2019-01-06,11:51,A,FA167,7,312.8895,14.8995,Cash
847-38-7188,2019-01-26,19:56,B,FB13,3,304.542,14.502,Ewallet
848-07-1692,2019-01-12,17:13,B,HB69,2,120.162,5.722,Ewallet
848-24-9445,2019-03-26,18:03,C,HB36,2,91.77,4.37,Cash
848-42-2560,2019-03-05,17:43,A,FA49,2,172.011,8.191,Cash
848-62-7243,2019-03-15,15:36,A,HB7,9,235.2105,11.2005,Cash
848-95-6252,2019-02-20,13:24,C,HL133,1,90.5835,4.3135,Ewallet
849-09-3807,2019-02-18,13:28,A,FA174,7,649.299,30.919,Cash
850-41-9669,2019-03-19,13:25,A,EA44,9,709.317,33.777,Ewallet
851-28-6367,2019-03-23,10:55,A,ST36,10,162.75,7.75,Ewallet
851-98-3555,2019-03-24,14:08,B,HB138,5,435.12,20.72,Credit card
852-62-7105,2019-01-12,11:25,B,FA112,10,874.125,41.625,Credit card
852-82-2749,2019-01-06,13:35,A,ST154,4,271.278,12.918,Ewallet
853-23-2453,2019-02-14,14:35,B,HB13,4,318.108,15.148,Cash
856-22-8149,2019-03-23,10:13,A,HL33,1,26.5545,1.2645,Ewallet
856-66-2701,2019-01-25,14:19,A,HL101,3,167.895,7.995,Ewallet
857-16-3520,2019-03-28,16:06,A,FA131,7,525.231,25.011,Ewallet
857-67-9057,2019-02-06,19:20,B,EA90,10,240.975,11.475,Ewallet
859-71-0933,2019-01-16,15:10,C,ST114,2,32.529,1.549,Cash
859-97-6048,2019-03-26,14:13,C,EA157,2,176.925,8.425,Credit card
860-73-6466,2019-03-02,16:16,A,ST150,2,82.887,3.947,Credit card
860-79-0874,2019-02-15,14:53,C,FA55,10,1042.65,49.65,Credit card
861-77-0145,2019-03-03,14:30,C,EA19,10,860.685,40.985,Cash
862-17-9201,2019-01-29,10:48,B,FB87,6,529.515,25.215,Credit card
862-29-5914,2019-01-30,17:08,C,ST151,1,23.499,1.119,Credit card
862-59-8517,2019-01-27,11:17,C,FB86,6,568.512,27.072,Cash
864-24-7918,2019-02-22,15:15,A,ST140,10,257.145,12.245,Cash
865-41-9075,2019-01-28,17:35,A,FB155,7,84.7455,4.0355,Cash
865-92-6136,2019-03-23,10:16,A,FB17,3,166.1625,7.9125,Ewallet
866-05-7563,2019-02-09,19:43,B,EA39,3,256.41,12.21,Cash
866-70-2814,2019-02-25,11:58,B,EA141,10,554.295,26.395,Ewallet
866-99-7614,2019-02-11,15:42,C,FB95,10,936.6,44.6,Credit card
867-47-1948,2019-01-09,12:07,C,HL152,10,165.9,7.9,Cash
868-06-0466,2019-02-19,19:38,A,EA112,9,657.531,31.311,Credit card
868-52-7573,2019-01-14,12:09,B,FB63,5,523.3725,24.9225,Cash
868-81-1752,2019-02-07,18:48,B,HL60,9,208.089,9.909,Cash
869-11-3082,2019-01-27,20:03,B,HB122,4,403.872,19.232,Credit card
870-54-3162,2019-01-27,13:26,A,ST23,5,169.3125,8.0625,Cash
870-72-4431,2019-01-21,14:42,C,HB18,6,624.897,29.757,Credit card
870-76-1733,2019-02-01,10:08,A,FB48,5,74.7075,3.5575,Credit card
871-39-9221,2019-02-09,13:11,C,EA16,6,78.435,3.735,Cash
871-79-8483,2019-02-25,19:39,B,FA4,5,494.1825,23.5325,Credit card
873-14-6353,2019-02-16,10:33,A,FB149,7,182.427,8.687,Credit card
873-51-0671,2019-01-10,16:42,A,ST18,7,161.553,7.693,Ewallet
873-95-4984,2019-02-15,20:21,B,HB59,7,565.215,26.915,Cash
875-31-8302,2019-01-03,13:07,B,ST136,1,98.049,4.669,Cash
875-46-5808,2019-02-06,14:51,B,HB38,10,271.95,12.95,Ewallet
877-22-3308,2019-03-13,16:40,A,HB14,10,166.635,7.935,Cash
878-30-2331,2019-03-02,11:22,C,ST75,10,572.775,27.275,Credit card
880-35-0356,2019-02-05,11:51,A,ST105,3,236.88,11.28,Ewallet
880-46-5796,2019-03-17,19:53,A,ST157,10,807.66,38.46,Ewallet
881-41-7302,2019-01-26,10:06,C,FA106,1,68.2395,3.2495,Credit card
882-40-4577,2019-01-19,15:28,A,ST65,4,282.492,13.452,Credit card
883-17-4236,2019-03-02,19:44,C,ST44,2,30.219,1.439,Credit card
883-69-1285,2019-03-06,11:55,B,FA171,2,104.832,4.992,Credit card
884-80-6021,2019-03-23,13:14,A,EA147,10,771.435,36.735,Ewallet
885-17-6250,2019-03-06,10:36,A,HB62,1,83.727,3.987,Ewallet
885-56-0389,2019-02-12,17:49,C,FA158,1,54.9675,2.6175,Cash
886-18-2897,2019-03-22,19:06,A,FB173,5,296.94,14.14,Credit card
886-54-6089,2019-01-15,17:24,A,HL124,6,72.009,3.429,Cash
886-77-9084,2019-02-19,11:33,C,EA125,8,603.876,28.756,Ewallet
887-42-0517,2019-01-10,10:31,C,ST159,7,611.079,29.099,Credit card
888-02-0338,2019-01-25,20:24,A,EA31,9,247.8735,11.8035,Ewallet
889-04-9723,2019-01-07,12:20,B,FB58,4,374.388,17.828,Credit card
891-01-7034,2019-01-01,19:07,B,EA76,6,470.673,22.413,Cash
891-58-8335,2019-03-11,15:53,B,ST40,7,217.6335,10.3635,Cash
892-05-6689,2019-03-11,13:28,A,HL89,5,148.68,7.08,Ewallet
894-41-5205,2019-01-19,19:39,C,FB25,8,362.712,17.272,Credit card
895-03-6665,2019-02-16,10:52,B,FA156,9,345.0195,16.4295,Cash
895-66-0685,2019-03-05,19:46,B,FB34,3,56.952,2.712,Ewallet
896-34-0956,2019-01-26,12:43,A,FA152,1,22.386,1.066,Cash
898-04-2717,2019-03-19,15:49,A,FA53,9,721.98,34.38,Ewallet